{
  "exp_name": "phase1_standard_20251015_151415",
  "config": {
    "json_dir": "data_processed/phase1_standard_20251015_151415",
    "spectral_dir": "data_processed/phase1_standard_20251015_151415/spectral",
    "val_fraction": 0.1,
    "test_fraction": 0.1,
    "hidden_dim": 64,
    "num_layers": 2,
    "dropout": 0.3,
    "epochs": 50,
    "batch_size": 1,
    "lr": 0.0005,
    "weight_decay": 0.0001,
    "grad_clip": 0.5,
    "patience": 10,
    "exp_name": "phase1_standard_20251015_151415",
    "log_dir": "experiments",
    "device": "cpu",
    "seed": 42
  },
  "best_val_metrics": {
    "train_loss": 2.6985833572853895,
    "train_hit1": 0.1821561338289963,
    "train_hit3": 0.43308550185873607,
    "train_hit5": 0.5892193308550185,
    "train_hit10": 0.8141263940520446,
    "train_mrr": 0.36141469430645645,
    "train_samples": 538,
    "val_loss": 3.0853270638633417,
    "val_hit1": 0.13513513513513514,
    "val_hit3": 0.3108108108108108,
    "val_hit5": 0.43243243243243246,
    "val_hit10": 0.6756756756756757,
    "val_mrr": 0.2822244081177034,
    "val_samples": 74,
    "overfit_gap": 0.047020998693861144,
    "lr": 0.00025,
    "epoch_time": 1.3712289333343506,
    "epoch": 19,
    "timestamp": 26.76645803451538
  },
  "test_metrics": {
    "test_loss": 2.9960163672765097,
    "test_hit1": 0.10666666666666667,
    "test_hit3": 0.25333333333333335,
    "test_hit5": 0.38666666666666666,
    "test_hit10": 0.6666666666666666,
    "test_mrr": 0.25962171146748814,
    "test_samples": 75
  },
  "total_epochs": 29,
  "training_time": 40.48877811431885
}