{
  "exp_name": "phase1_standard_20251016_195408_20251016_195412",
  "config": {
    "json_dir": "data_processed/phase1_standard_20251016_195408",
    "spectral_dir": "data_processed/phase1_standard_20251016_195408/spectral",
    "val_fraction": 0.1,
    "test_fraction": 0.1,
    "hidden_dim": 128,
    "num_layers": 3,
    "dropout": 0.1,
    "epochs": 50,
    "batch_size": 32,
    "lr": 0.001,
    "weight_decay": 1e-05,
    "grad_clip": 1.0,
    "patience": 15,
    "exp_name": "phase1_standard_20251016_195408",
    "log_dir": "experiments",
    "device": "cpu",
    "seed": 42
  },
  "best_val_metrics": {
    "train_loss": 2.7586108603647777,
    "train_hit1": 0.17857142857142858,
    "train_hit3": 0.44285714285714284,
    "train_hit5": 0.6089285714285714,
    "train_hit10": 0.8339285714285715,
    "train_mrr": 0.3711512121151785,
    "train_samples": 560,
    "val_loss": 3.4367606427571546,
    "val_hit1": 0.0410958904109589,
    "val_hit3": 0.1232876712328767,
    "val_hit5": 0.2465753424657534,
    "val_hit10": 0.589041095890411,
    "val_mrr": 0.1660653968324583,
    "val_samples": 73,
    "overfit_gap": 0.13747553816046967,
    "lr": 0.001,
    "epoch_time": 1.1898739337921143,
    "epoch": 7,
    "timestamp": 8.718686819076538
  },
  "test_metrics": {
    "test_loss": 3.728743128478527,
    "test_hit1": 0.0625,
    "test_hit3": 0.1625,
    "test_hit5": 0.2375,
    "test_hit10": 0.425,
    "test_mrr": 0.17130391169025985,
    "test_samples": 80
  },
  "total_epochs": 22,
  "training_time": 27.42252206802368
}