{
  "exp_name": "phase1_standard_20251016_195507_20251016_195511",
  "config": {
    "json_dir": "data_processed/phase1_standard_20251016_195507",
    "spectral_dir": "data_processed/phase1_standard_20251016_195507/spectral",
    "val_fraction": 0.1,
    "test_fraction": 0.1,
    "hidden_dim": 128,
    "num_layers": 3,
    "dropout": 0.1,
    "epochs": 50,
    "batch_size": 32,
    "lr": 0.001,
    "weight_decay": 1e-05,
    "grad_clip": 1.0,
    "patience": 15,
    "exp_name": "phase1_standard_20251016_195507",
    "log_dir": "experiments",
    "device": "cpu",
    "seed": 42
  },
  "best_val_metrics": {
    "train_loss": 2.813733356230947,
    "train_hit1": 0.16586921850079744,
    "train_hit3": 0.41626794258373206,
    "train_hit5": 0.5518341307814992,
    "train_hit10": 0.8165869218500797,
    "train_mrr": 0.3516073479616585,
    "train_samples": 627,
    "val_loss": 3.288812632069868,
    "val_hit1": 0.10294117647058823,
    "val_hit3": 0.19117647058823528,
    "val_hit5": 0.25,
    "val_hit10": 0.6176470588235294,
    "val_mrr": 0.22135050534590328,
    "val_samples": 68,
    "overfit_gap": 0.06292804203020921,
    "lr": 0.001,
    "epoch_time": 1.3513221740722656,
    "epoch": 7,
    "timestamp": 10.716828107833862
  },
  "test_metrics": {
    "test_loss": 3.31019544448608,
    "test_hit1": 0.07692307692307693,
    "test_hit3": 0.1794871794871795,
    "test_hit5": 0.34615384615384615,
    "test_hit10": 0.5769230769230769,
    "test_mrr": 0.2141133960099904,
    "test_samples": 78
  },
  "total_epochs": 22,
  "training_time": 33.332128047943115
}