{
  "exp_name": "phase1_standard_20251015_150735",
  "config": {
    "json_dir": "data_processed/phase1_standard_20251015_150735",
    "spectral_dir": "data_processed/phase1_standard_20251015_150735/spectral",
    "val_fraction": 0.1,
    "test_fraction": 0.1,
    "hidden_dim": 64,
    "num_layers": 2,
    "dropout": 0.3,
    "epochs": 50,
    "batch_size": 1,
    "lr": 0.0005,
    "weight_decay": 0.0001,
    "grad_clip": 0.5,
    "patience": 10,
    "exp_name": "phase1_standard_20251015_150735",
    "log_dir": "experiments",
    "device": "cpu",
    "seed": 42
  },
  "best_val_metrics": {
    "train_loss": 3.2668885898419178,
    "train_hit1": 0.03763440860215054,
    "train_hit3": 0.1774193548387097,
    "train_hit5": 0.32616487455197135,
    "train_hit10": 0.6756272401433692,
    "train_mrr": 0.1964607995429227,
    "train_samples": 558,
    "val_loss": 3.3173372404915944,
    "val_hit1": 0.031746031746031744,
    "val_hit3": 0.1111111111111111,
    "val_hit5": 0.2698412698412698,
    "val_hit10": 0.5873015873015873,
    "val_mrr": 0.1696584426566689,
    "val_samples": 63,
    "overfit_gap": 0.005888376856118795,
    "lr": 0.0005,
    "epoch_time": 1.4771802425384521,
    "epoch": 1,
    "timestamp": 1.543997049331665
  },
  "test_metrics": {
    "test_loss": 3.4622474472287674,
    "test_hit1": 0.028169014084507043,
    "test_hit3": 0.18309859154929578,
    "test_hit5": 0.29577464788732394,
    "test_hit10": 0.5915492957746479,
    "test_mrr": 0.1772906123740182,
    "test_samples": 71
  },
  "total_epochs": 11,
  "training_time": 16.05231285095215
}