{
  "exp_name": "phase1_quick_20251015_160117",
  "config": {
    "json_dir": "data_processed/phase1_quick_20251015_160117",
    "spectral_dir": "data_processed/phase1_quick_20251015_160117/spectral",
    "val_fraction": 0.1,
    "test_fraction": 0.1,
    "hidden_dim": 128,
    "num_layers": 2,
    "dropout": 0.1,
    "epochs": 10,
    "batch_size": 128,
    "lr": 0.0005,
    "weight_decay": 0.0001,
    "grad_clip": 1.0,
    "patience": 20,
    "exp_name": "phase1_quick_20251015_160117",
    "log_dir": "experiments",
    "device": "mps",
    "seed": 42
  },
  "best_val_metrics": {
    "train_loss": 3.1292570599338463,
    "train_hit1": 0.017543859649122806,
    "train_hit3": 0.10526315789473684,
    "train_hit5": 0.22807017543859648,
    "train_hit10": 0.5614035087719298,
    "train_mrr": 0.14477645458784447,
    "train_samples": 57,
    "val_loss": 3.978121429681778,
    "val_hit1": 0.0,
    "val_hit3": 0.0,
    "val_hit5": 0.125,
    "val_hit10": 0.125,
    "val_mrr": 0.05953020937395938,
    "val_samples": 8,
    "overfit_gap": 0.017543859649122806,
    "lr": 0.0005,
    "epoch_time": 1.71832275390625,
    "epoch": 1,
    "timestamp": 1.7727551460266113
  },
  "test_metrics": {
    "test_loss": 3.2991185188293457,
    "test_hit1": 0.0,
    "test_hit3": 0.07692307692307693,
    "test_hit5": 0.23076923076923078,
    "test_hit10": 0.6153846153846154,
    "test_mrr": 0.13604315548049561,
    "test_samples": 13
  },
  "total_epochs": 10,
  "training_time": 9.670380115509033
}