{
  "exp_name": "phase1_quick_20251015_145924",
  "config": {
    "json_dir": "data_processed/phase1_quick_20251015_145924",
    "spectral_dir": "data_processed/phase1_quick_20251015_145924/spectral",
    "val_fraction": 0.1,
    "test_fraction": 0.1,
    "hidden_dim": 128,
    "num_layers": 2,
    "dropout": 0.1,
    "epochs": 10,
    "batch_size": 1,
    "lr": 0.001,
    "weight_decay": 1e-05,
    "grad_clip": 1.0,
    "patience": 15,
    "exp_name": "phase1_quick_20251015_145924",
    "log_dir": "experiments",
    "device": "cpu",
    "seed": 42
  },
  "best_val_metrics": {
    "train_loss": 3.0435310719059965,
    "val_loss": 3.686033010482788,
    "val_hit1": 0.2857142857142857,
    "val_hit3": 0.2857142857142857,
    "val_hit5": 0.2857142857142857,
    "val_hit10": 0.2857142857142857,
    "val_mrr": 0.3046683673469387,
    "val_samples": 7,
    "lr": 0.001,
    "epoch_time": 0.15793299674987793,
    "epoch": 1,
    "timestamp": 0.19113779067993164
  },
  "test_metrics": {
    "test_loss": 2.7868528366088867,
    "test_hit1": 0.0,
    "test_hit3": 0.3333333333333333,
    "test_hit5": 0.3333333333333333,
    "test_hit10": 0.3333333333333333,
    "test_mrr": 0.2191919191919192,
    "test_samples": 3
  },
  "total_epochs": 10,
  "training_time": 0.9040389060974121
}