{
  "exp_name": "phase1_standard_20251015_150016",
  "config": {
    "json_dir": "data_processed/phase1_standard_20251015_150016",
    "spectral_dir": "data_processed/phase1_standard_20251015_150016/spectral",
    "val_fraction": 0.1,
    "test_fraction": 0.1,
    "hidden_dim": 128,
    "num_layers": 2,
    "dropout": 0.1,
    "epochs": 50,
    "batch_size": 1,
    "lr": 0.001,
    "weight_decay": 1e-05,
    "grad_clip": 1.0,
    "patience": 15,
    "exp_name": "phase1_standard_20251015_150016",
    "log_dir": "experiments",
    "device": "cpu",
    "seed": 42
  },
  "best_val_metrics": {
    "train_loss": 2.6521240965678143,
    "val_loss": 2.9045510399035916,
    "val_hit1": 0.1282051282051282,
    "val_hit3": 0.2948717948717949,
    "val_hit5": 0.46153846153846156,
    "val_hit10": 0.7948717948717948,
    "val_mrr": 0.29564666626318203,
    "val_samples": 78,
    "lr": 0.0005,
    "epoch_time": 0.9776570796966553,
    "epoch": 10,
    "timestamp": 9.688476324081421
  },
  "test_metrics": {
    "test_loss": 3.0768332719048366,
    "test_hit1": 0.1518987341772152,
    "test_hit3": 0.3037974683544304,
    "test_hit5": 0.45569620253164556,
    "test_hit10": 0.7468354430379747,
    "test_mrr": 0.29656332628249576,
    "test_samples": 79
  },
  "total_epochs": 25,
  "training_time": 24.183590173721313
}