{
  "exp_name": "phase1_standard_20251015_152632",
  "config": {
    "json_dir": "data_processed/phase1_standard_20251015_152632",
    "spectral_dir": "data_processed/phase1_standard_20251015_152632/spectral",
    "val_fraction": 0.1,
    "test_fraction": 0.1,
    "hidden_dim": 128,
    "num_layers": 2,
    "dropout": 0.3,
    "epochs": 50,
    "batch_size": 32,
    "lr": 0.0005,
    "weight_decay": 0.0001,
    "grad_clip": 0.5,
    "patience": 10,
    "exp_name": "phase1_standard_20251015_152632",
    "log_dir": "experiments",
    "device": "mps",
    "seed": 42
  },
  "best_val_metrics": {
    "train_loss": 3.3735665814841496,
    "train_hit1": 0.07720588235294118,
    "train_hit3": 0.24448529411764705,
    "train_hit5": 0.3602941176470588,
    "train_hit10": 0.5845588235294118,
    "train_mrr": 0.22811436074967004,
    "train_samples": 544,
    "val_loss": 3.3831129409372807,
    "val_hit1": 0.0625,
    "val_hit3": 0.25,
    "val_hit5": 0.34375,
    "val_hit10": 0.5625,
    "val_mrr": 0.22442061453476272,
    "val_samples": 64,
    "overfit_gap": 0.01470588235294118,
    "lr": 0.0005,
    "epoch_time": 13.775076150894165,
    "epoch": 1,
    "timestamp": 13.870732069015503
  },
  "test_metrics": {
    "test_loss": 3.546538522278053,
    "test_hit1": 0.028985507246376812,
    "test_hit3": 0.17391304347826086,
    "test_hit5": 0.2463768115942029,
    "test_hit10": 0.4057971014492754,
    "test_mrr": 0.15876809862980518,
    "test_samples": 69
  },
  "total_epochs": 11,
  "training_time": 129.1604118347168
}