{
  "exp_name": "phase1_standard_20251016_195625_20251016_195629",
  "config": {
    "json_dir": "data_processed/phase1_standard_20251016_195625",
    "spectral_dir": "data_processed/phase1_standard_20251016_195625/spectral",
    "val_fraction": 0.1,
    "test_fraction": 0.1,
    "hidden_dim": 128,
    "num_layers": 2,
    "dropout": 0.2,
    "epochs": 50,
    "batch_size": 32,
    "lr": 0.01,
    "weight_decay": 0.001,
    "grad_clip": 1.0,
    "patience": 15,
    "exp_name": "phase1_standard_20251016_195625",
    "log_dir": "experiments",
    "device": "cpu",
    "seed": 42
  },
  "best_val_metrics": {
    "train_loss": 3.295454277229309,
    "train_hit1": 0.0992,
    "train_hit3": 0.2208,
    "train_hit5": 0.3568,
    "train_hit10": 0.6208,
    "train_mrr": 0.23670968654321772,
    "train_samples": 625,
    "val_loss": 3.5522663507116845,
    "val_hit1": 0.07228915662650602,
    "val_hit3": 0.20481927710843373,
    "val_hit5": 0.2891566265060241,
    "val_hit10": 0.4819277108433735,
    "val_mrr": 0.1959642590260843,
    "val_samples": 83,
    "overfit_gap": 0.026910843373493976,
    "lr": 0.01,
    "epoch_time": 1.6685497760772705,
    "epoch": 1,
    "timestamp": 1.7800712585449219
  },
  "test_metrics": {
    "test_loss": 3.472239285423642,
    "test_hit1": 0.08571428571428572,
    "test_hit3": 0.20952380952380953,
    "test_hit5": 0.34285714285714286,
    "test_hit10": 0.5238095238095238,
    "test_mrr": 0.21653694362727752,
    "test_samples": 105
  },
  "total_epochs": 16,
  "training_time": 20.850800275802612
}