{
  "exp_name": "phase1_test_debug_20251015_155837",
  "config": {
    "json_dir": "data_processed/phase1_standard_20251015_152632",
    "spectral_dir": "data_processed/phase1_standard_20251015_152632/spectral",
    "val_fraction": 0.1,
    "test_fraction": 0.1,
    "hidden_dim": 64,
    "num_layers": 2,
    "dropout": 0.2,
    "epochs": 2,
    "batch_size": 4,
    "lr": 0.001,
    "weight_decay": 1e-05,
    "grad_clip": 1.0,
    "patience": 20,
    "exp_name": "test_debug",
    "log_dir": "experiments",
    "device": "cpu",
    "seed": 42
  },
  "best_val_metrics": {
    "train_loss": 3.159340069793603,
    "train_hit1": 0.06985294117647059,
    "train_hit3": 0.2261029411764706,
    "train_hit5": 0.36213235294117646,
    "train_hit10": 0.6599264705882353,
    "train_mrr": 0.2255897221467953,
    "train_samples": 544,
    "val_loss": 3.15061753988266,
    "val_hit1": 0.0625,
    "val_hit3": 0.21875,
    "val_hit5": 0.328125,
    "val_hit10": 0.734375,
    "val_mrr": 0.22893023642031432,
    "val_samples": 64,
    "overfit_gap": 0.00735294117647059,
    "lr": 0.001,
    "epoch_time": 1.1605710983276367,
    "epoch": 1,
    "timestamp": 1.2898938655853271
  },
  "test_metrics": {
    "test_loss": 3.3376407675121142,
    "test_hit1": 0.057971014492753624,
    "test_hit3": 0.15942028985507245,
    "test_hit5": 0.2753623188405797,
    "test_hit10": 0.5652173913043478,
    "test_mrr": 0.19083801798524977,
    "test_samples": 69
  },
  "total_epochs": 2,
  "training_time": 2.3809027671813965
}