{
  "exp_name": "phase1_standard_20251017_134731_20251017_134734",
  "config": {
    "json_dir": "data_processed/phase1_standard_20251017_134731",
    "spectral_dir": "data_processed/phase1_standard_20251017_134731/spectral",
    "val_fraction": 0.1,
    "test_fraction": 0.1,
    "hidden_dim": 256,
    "num_layers": 5,
    "dropout": 0.2,
    "epochs": 50,
    "batch_size": 32,
    "lr": 0.001,
    "weight_decay": 1e-05,
    "grad_clip": 2.0,
    "patience": 15,
    "exp_name": "phase1_standard_20251017_134731",
    "log_dir": "experiments",
    "device": "cpu",
    "seed": 42
  },
  "best_val_metrics": {
    "train_loss": 3.0162695038254324,
    "train_hit1": 0.09416380578715057,
    "train_hit3": 0.25061304561059344,
    "train_hit5": 0.3766552231486023,
    "train_hit10": 0.6439431093673369,
    "train_mrr": 0.24687788965251437,
    "train_samples": 2039,
    "val_loss": 3.011692772186342,
    "val_hit1": 0.12345679012345678,
    "val_hit3": 0.2757201646090535,
    "val_hit5": 0.3868312757201646,
    "val_hit10": 0.6419753086419753,
    "val_mrr": 0.2696876420116491,
    "val_samples": 243,
    "overfit_gap": -0.029292984336306213,
    "lr": 0.001,
    "epoch_time": 11.309545040130615,
    "epoch": 2,
    "timestamp": 23.33678936958313
  },
  "test_metrics": {
    "test_loss": 2.970330664422363,
    "test_hit1": 0.07421875,
    "test_hit3": 0.26171875,
    "test_hit5": 0.41796875,
    "test_hit10": 0.6640625,
    "test_mrr": 0.24259727670810896,
    "test_samples": 256
  },
  "total_epochs": 17,
  "training_time": 222.67841410636902
}