{
  "exp_name": "phase1_phase1_quick_20251015_142358_20251015_142401",
  "config": {
    "json_dir": "data_processed/phase1_quick_20251015_142358",
    "spectral_dir": "data_processed/phase1_quick_20251015_142358/spectral",
    "val_fraction": 0.1,
    "test_fraction": 0.1,
    "hidden_dim": 128,
    "num_layers": 2,
    "dropout": 0.1,
    "epochs": 10,
    "batch_size": 1,
    "lr": 0.001,
    "weight_decay": 1e-05,
    "grad_clip": 1.0,
    "patience": 15,
    "exp_name": "phase1_quick_20251015_142358",
    "log_dir": "experiments",
    "device": "cpu",
    "seed": 42
  },
  "best_val_metrics": {
    "train_loss": 3.0444728968278416,
    "val_loss": 3.755530527659825,
    "val_hit1": 0.0,
    "val_hit3": 0.14285714285714285,
    "val_hit5": 0.2857142857142857,
    "val_hit10": 0.5714285714285714,
    "val_mrr": 0.13260281385281386,
    "val_samples": 7,
    "lr": 0.001,
    "epoch_time": 0.19033217430114746,
    "epoch": 1,
    "timestamp": 0.2231287956237793
  },
  "test_metrics": {
    "test_loss": 2.8951060295104982,
    "test_hit1": 0.0,
    "test_hit3": 0.2,
    "test_hit5": 0.2,
    "test_hit10": 0.8,
    "test_mrr": 0.17094017094017092,
    "test_samples": 5
  },
  "total_epochs": 10,
  "training_time": 0.9373157024383545
}