{
  "exp_name": "phase1_quick_20251015_154437",
  "config": {
    "json_dir": "data_processed/phase1_quick_20251015_154437",
    "spectral_dir": "data_processed/phase1_quick_20251015_154437/spectral",
    "val_fraction": 0.1,
    "test_fraction": 0.1,
    "hidden_dim": 128,
    "num_layers": 2,
    "dropout": 0.1,
    "epochs": 10,
    "batch_size": 32,
    "lr": 0.001,
    "weight_decay": 1e-05,
    "grad_clip": 1.0,
    "patience": 20,
    "exp_name": "phase1_quick_20251015_154437",
    "log_dir": "experiments",
    "device": "cpu",
    "seed": 42
  },
  "best_val_metrics": {
    "train_loss": 3.1335440849771303,
    "train_hit1": 0.04081632653061224,
    "train_hit3": 0.1836734693877551,
    "train_hit5": 0.3469387755102041,
    "train_hit10": 0.673469387755102,
    "train_mrr": 0.20129412610339195,
    "train_samples": 49,
    "val_loss": 2.9234251976013184,
    "val_hit1": 0.0,
    "val_hit3": 0.2,
    "val_hit5": 0.4,
    "val_hit10": 0.8,
    "val_mrr": 0.17638888888888887,
    "val_samples": 5,
    "overfit_gap": 0.04081632653061224,
    "lr": 0.001,
    "epoch_time": 0.23229098320007324,
    "epoch": 1,
    "timestamp": 0.2648298740386963
  },
  "test_metrics": {
    "test_loss": 3.038029757412997,
    "test_hit1": 0.09090909090909091,
    "test_hit3": 0.09090909090909091,
    "test_hit5": 0.18181818181818182,
    "test_hit10": 0.45454545454545453,
    "test_mrr": 0.18489592898683807,
    "test_samples": 11
  },
  "total_epochs": 10,
  "training_time": 0.6748859882354736
}