{
  "exp_name": "phase1_quick_20251015_154501",
  "config": {
    "json_dir": "data_processed/phase1_quick_20251015_154501",
    "spectral_dir": "data_processed/phase1_quick_20251015_154501/spectral",
    "val_fraction": 0.1,
    "test_fraction": 0.1,
    "hidden_dim": 256,
    "num_layers": 3,
    "dropout": 0.1,
    "epochs": 10,
    "batch_size": 64,
    "lr": 0.001,
    "weight_decay": 0.0001,
    "grad_clip": 1.0,
    "patience": 20,
    "exp_name": "phase1_quick_20251015_154501",
    "log_dir": "experiments",
    "device": "cpu",
    "seed": 42
  },
  "best_val_metrics": {
    "train_loss": 3.1759143021641947,
    "train_hit1": 0.12244897959183673,
    "train_hit3": 0.3877551020408163,
    "train_hit5": 0.4897959183673469,
    "train_hit10": 0.6530612244897959,
    "train_mrr": 0.29700697923412595,
    "train_samples": 49,
    "val_loss": 3.3310232957204184,
    "val_hit1": 0.1111111111111111,
    "val_hit3": 0.1111111111111111,
    "val_hit5": 0.2222222222222222,
    "val_hit10": 0.6666666666666666,
    "val_mrr": 0.21141975308641978,
    "val_samples": 9,
    "overfit_gap": 0.011337868480725627,
    "lr": 0.001,
    "epoch_time": 0.11357688903808594,
    "epoch": 1,
    "timestamp": 0.14441394805908203
  },
  "test_metrics": {
    "test_loss": 2.8686985969543457,
    "test_hit1": 0.0,
    "test_hit3": 0.0,
    "test_hit5": 0.2,
    "test_hit10": 0.8,
    "test_mrr": 0.14743107769423558,
    "test_samples": 5
  },
  "total_epochs": 10,
  "training_time": 0.6450738906860352
}