{
  "exp_name": "phase1_quick_20251015_154601",
  "config": {
    "json_dir": "data_processed/phase1_quick_20251015_154601",
    "spectral_dir": "data_processed/phase1_quick_20251015_154601/spectral",
    "val_fraction": 0.1,
    "test_fraction": 0.1,
    "hidden_dim": 128,
    "num_layers": 2,
    "dropout": 0.1,
    "epochs": 10,
    "batch_size": 64,
    "lr": 0.001,
    "weight_decay": 0.0001,
    "grad_clip": 1.0,
    "patience": 20,
    "exp_name": "phase1_quick_20251015_154601",
    "log_dir": "experiments",
    "device": "mps",
    "seed": 42
  },
  "best_val_metrics": {
    "train_loss": 3.102001820841143,
    "train_hit1": 0.08064516129032258,
    "train_hit3": 0.20967741935483872,
    "train_hit5": 0.4032258064516129,
    "train_hit10": 0.7258064516129032,
    "train_mrr": 0.2409538833596254,
    "train_samples": 62,
    "val_loss": 3.892982244491577,
    "val_hit1": 0.08333333333333333,
    "val_hit3": 0.16666666666666666,
    "val_hit5": 0.16666666666666666,
    "val_hit10": 0.3333333333333333,
    "val_mrr": 0.1465899159320212,
    "val_samples": 12,
    "overfit_gap": -0.0026881720430107503,
    "lr": 0.001,
    "epoch_time": 0.9382200241088867,
    "epoch": 4,
    "timestamp": 5.1015849113464355
  },
  "test_metrics": {
    "test_loss": 3.0435012578964233,
    "test_hit1": 0.0,
    "test_hit3": 0.0,
    "test_hit5": 0.16666666666666666,
    "test_hit10": 0.6666666666666666,
    "test_mrr": 0.14476495726495725,
    "test_samples": 6
  },
  "total_epochs": 10,
  "training_time": 12.632059812545776
}