{
  "exp_name": "phase1_standard_20251017_135808_20251017_135811",
  "config": {
    "json_dir": "data_processed/phase1_standard_20251017_135808",
    "spectral_dir": "data_processed/phase1_standard_20251017_135808/spectral",
    "val_fraction": 0.1,
    "test_fraction": 0.1,
    "hidden_dim": 128,
    "num_layers": 3,
    "dropout": 0.2,
    "epochs": 50,
    "batch_size": 32,
    "lr": 0.01,
    "weight_decay": 1e-06,
    "grad_clip": 2.0,
    "patience": 15,
    "exp_name": "phase1_standard_20251017_135808",
    "log_dir": "experiments",
    "device": "cpu",
    "seed": 42
  },
  "best_val_metrics": {
    "train_loss": 2.6305266568985375,
    "train_hit1": 0.11224987798926306,
    "train_hit3": 0.31576378721327475,
    "train_hit5": 0.48413860419716936,
    "train_hit10": 0.7637872132747682,
    "train_mrr": 0.28886818209697623,
    "train_samples": 2049,
    "val_loss": 2.6389470976132614,
    "val_hit1": 0.13076923076923078,
    "val_hit3": 0.29615384615384616,
    "val_hit5": 0.4576923076923077,
    "val_hit10": 0.8192307692307692,
    "val_mrr": 0.29839851846683857,
    "val_samples": 260,
    "overfit_gap": -0.018519352779967718,
    "lr": 0.0075270057336678355,
    "epoch_time": 11.004035711288452,
    "epoch": 17,
    "timestamp": 177.64682698249817
  },
  "test_metrics": {
    "test_loss": 2.7443859887724162,
    "test_hit1": 0.09243697478991597,
    "test_hit3": 0.2857142857142857,
    "test_hit5": 0.42016806722689076,
    "test_hit10": 0.7100840336134454,
    "test_mrr": 0.26103803538272763,
    "test_samples": 238
  },
  "total_epochs": 32,
  "training_time": 340.4719018936157
}