{
  "exp_name": "phase1_standard_20251016_220708_20251016_220712",
  "config": {
    "json_dir": "data_processed/phase1_standard_20251016_220708",
    "spectral_dir": "data_processed/phase1_standard_20251016_220708/spectral",
    "val_fraction": 0.1,
    "test_fraction": 0.1,
    "hidden_dim": 64,
    "num_layers": 2,
    "dropout": 0.2,
    "epochs": 50,
    "batch_size": 16,
    "lr": 0.01,
    "weight_decay": 0.001,
    "grad_clip": 2.0,
    "patience": 15,
    "exp_name": "phase1_standard_20251016_220708",
    "log_dir": "experiments",
    "device": "cpu",
    "seed": 42
  },
  "best_val_metrics": {
    "train_loss": 2.640120680943969,
    "train_hit1": 0.10968178740690589,
    "train_hit3": 0.3256601218686527,
    "train_hit5": 0.4989844278943805,
    "train_hit10": 0.7664184157075152,
    "train_mrr": 0.2908860380284541,
    "train_samples": 1477,
    "val_loss": 2.808447548505422,
    "val_hit1": 0.10810810810810811,
    "val_hit3": 0.2594594594594595,
    "val_hit5": 0.40540540540540543,
    "val_hit10": 0.6702702702702703,
    "val_mrr": 0.2607897513785255,
    "val_samples": 185,
    "overfit_gap": 0.0015736792987977727,
    "lr": 0.01,
    "epoch_time": 4.5255138874053955,
    "epoch": 6,
    "timestamp": 27.259284019470215
  },
  "test_metrics": {
    "test_loss": 2.65600387460884,
    "test_hit1": 0.12643678160919541,
    "test_hit3": 0.3103448275862069,
    "test_hit5": 0.4827586206896552,
    "test_hit10": 0.764367816091954,
    "test_mrr": 0.29458995571348867,
    "test_samples": 174
  },
  "total_epochs": 21,
  "training_time": 94.0116240978241
}