{
  "config": {
    "lr": 0.0005,
    "batch_size": 32,
    "hidden": 256,
    "num_layers": 4,
    "dropout": 0.3,
    "epochs": 50,
    "seed": 42
  },
  "test_metrics": {
    "loss": 3.160430676688559,
    "hit1": 0.10424710424710425,
    "hit3": 0.277992277992278,
    "hit10": 0.6795366795366795,
    "num_samples": 259
  },
  "best_val_hit1": 0.12457912457912458
}