{
  "exp_name": "phase1_standard_20251015_153447",
  "config": {
    "json_dir": "data_processed/phase1_standard_20251015_153447",
    "spectral_dir": "data_processed/phase1_standard_20251015_153447/spectral",
    "val_fraction": 0.1,
    "test_fraction": 0.1,
    "hidden_dim": 128,
    "num_layers": 2,
    "dropout": 0.1,
    "epochs": 50,
    "batch_size": 32,
    "lr": 0.001,
    "weight_decay": 1e-05,
    "grad_clip": 1.0,
    "patience": 20,
    "exp_name": "phase1_standard_20251015_153447",
    "log_dir": "experiments",
    "device": "mps",
    "seed": 42
  },
  "best_val_metrics": {
    "train_loss": 2.727856604637002,
    "train_hit1": 0.12410071942446044,
    "train_hit3": 0.38848920863309355,
    "train_hit5": 0.552158273381295,
    "train_hit10": 0.7877697841726619,
    "train_mrr": 0.3200554417937545,
    "train_samples": 556,
    "val_loss": 2.756551635416248,
    "val_hit1": 0.16455696202531644,
    "val_hit3": 0.3670886075949367,
    "val_hit5": 0.5316455696202531,
    "val_hit10": 0.8227848101265823,
    "val_mrr": 0.34090978898547925,
    "val_samples": 79,
    "overfit_gap": -0.04045624260085601,
    "lr": 0.0005,
    "epoch_time": 13.437827110290527,
    "epoch": 15,
    "timestamp": 196.4399220943451
  },
  "test_metrics": {
    "test_loss": 2.8661221702333908,
    "test_hit1": 0.056338028169014086,
    "test_hit3": 0.3380281690140845,
    "test_hit5": 0.5211267605633803,
    "test_hit10": 0.7464788732394366,
    "test_mrr": 0.2637295736581915,
    "test_samples": 71
  },
  "total_epochs": 35,
  "training_time": 473.1436948776245
}