{
  "exp_name": "phase1_standard_20251016_195151_20251016_195154",
  "config": {
    "json_dir": "data_processed/phase1_standard_20251016_195151",
    "spectral_dir": "data_processed/phase1_standard_20251016_195151/spectral",
    "val_fraction": 0.1,
    "test_fraction": 0.1,
    "hidden_dim": 128,
    "num_layers": 3,
    "dropout": 0.1,
    "epochs": 50,
    "batch_size": 32,
    "lr": 0.001,
    "weight_decay": 1e-05,
    "grad_clip": 1.0,
    "patience": 15,
    "exp_name": "phase1_standard_20251016_195151",
    "log_dir": "experiments",
    "device": "cpu",
    "seed": 42
  },
  "best_val_metrics": {
    "train_loss": 2.1104049658004858,
    "train_hit1": 0.3303411131059246,
    "train_hit3": 0.6283662477558348,
    "train_hit5": 0.7845601436265709,
    "train_hit10": 0.947935368043088,
    "train_mrr": 0.5231870374134966,
    "train_samples": 557,
    "val_loss": 3.277794325793231,
    "val_hit1": 0.12962962962962962,
    "val_hit3": 0.24074074074074073,
    "val_hit5": 0.37037037037037035,
    "val_hit10": 0.6666666666666666,
    "val_mrr": 0.2645071109483676,
    "val_samples": 54,
    "overfit_gap": 0.200711483476295,
    "lr": 0.0005,
    "epoch_time": 0.9671463966369629,
    "epoch": 19,
    "timestamp": 19.09141778945923
  },
  "test_metrics": {
    "test_loss": 3.542260794412522,
    "test_hit1": 0.10714285714285714,
    "test_hit3": 0.21428571428571427,
    "test_hit5": 0.34523809523809523,
    "test_hit10": 0.5714285714285714,
    "test_mrr": 0.23154145015728325,
    "test_samples": 84
  },
  "total_epochs": 34,
  "training_time": 34.28843879699707
}