{
  "exp_name": "phase1_quick_20251015_162345",
  "config": {
    "json_dir": "data_processed/phase1_quick_20251015_162345",
    "spectral_dir": "data_processed/phase1_quick_20251015_162345/spectral",
    "val_fraction": 0.1,
    "test_fraction": 0.1,
    "hidden_dim": 256,
    "num_layers": 4,
    "dropout": 0.2,
    "epochs": 10,
    "batch_size": 256,
    "lr": 0.0003,
    "weight_decay": 0.0001,
    "grad_clip": 1.0,
    "patience": 20,
    "exp_name": "phase1_quick_20251015_162345",
    "log_dir": "experiments",
    "device": "cpu",
    "seed": 42
  },
  "best_val_metrics": {
    "train_loss": 3.0471438931637125,
    "train_hit1": 0.04918032786885246,
    "train_hit3": 0.18032786885245902,
    "train_hit5": 0.2786885245901639,
    "train_hit10": 0.6557377049180327,
    "train_mrr": 0.19992473886988682,
    "train_samples": 61,
    "val_loss": 4.005940979177302,
    "val_hit1": 0.0,
    "val_hit3": 0.09090909090909091,
    "val_hit5": 0.18181818181818182,
    "val_hit10": 0.36363636363636365,
    "val_mrr": 0.08239930903821552,
    "val_samples": 11,
    "overfit_gap": 0.04918032786885246,
    "lr": 0.0003,
    "epoch_time": 0.1436150074005127,
    "epoch": 1,
    "timestamp": 0.18041682243347168
  },
  "test_metrics": {
    "test_loss": 3.07427225794111,
    "test_hit1": 0.14285714285714285,
    "test_hit3": 0.14285714285714285,
    "test_hit5": 0.2857142857142857,
    "test_hit10": 0.5714285714285714,
    "test_mrr": 0.2285213032581454,
    "test_samples": 7
  },
  "total_epochs": 10,
  "training_time": 0.9788577556610107
}