{
  "exp_name": "phase1_standard_20251016_225714_20251016_225718",
  "config": {
    "json_dir": "data_processed/phase1_standard_20251016_225714",
    "spectral_dir": "data_processed/phase1_standard_20251016_225714/spectral",
    "val_fraction": 0.1,
    "test_fraction": 0.1,
    "hidden_dim": 128,
    "num_layers": 3,
    "dropout": 0.2,
    "epochs": 50,
    "batch_size": 16,
    "lr": 0.01,
    "weight_decay": 0.001,
    "grad_clip": 2.0,
    "patience": 15,
    "exp_name": "phase1_standard_20251016_225714",
    "log_dir": "experiments",
    "device": "cpu",
    "seed": 42
  },
  "best_val_metrics": {
    "train_loss": 2.589053420785447,
    "train_hit1": 0.13450704225352111,
    "train_hit3": 0.3436619718309859,
    "train_hit5": 0.5091549295774648,
    "train_hit10": 0.7690140845070422,
    "train_mrr": 0.31043302360448943,
    "train_samples": 1420,
    "val_loss": 2.6699463678341284,
    "val_hit1": 0.13071895424836602,
    "val_hit3": 0.30718954248366015,
    "val_hit5": 0.48366013071895425,
    "val_hit10": 0.7450980392156863,
    "val_mrr": 0.3023705056781385,
    "val_samples": 153,
    "overfit_gap": 0.0037880880051550936,
    "lr": 0.01,
    "epoch_time": 4.200345993041992,
    "epoch": 9,
    "timestamp": 38.16387629508972
  },
  "test_metrics": {
    "test_loss": 2.7590300797890985,
    "test_hit1": 0.1013215859030837,
    "test_hit3": 0.28193832599118945,
    "test_hit5": 0.42731277533039647,
    "test_hit10": 0.6960352422907489,
    "test_mrr": 0.265361511447582,
    "test_samples": 227
  },
  "total_epochs": 24,
  "training_time": 103.38733911514282
}