{
  "exp_name": "phase1_standard_20251017_001820_20251017_001824",
  "config": {
    "json_dir": "data_processed/phase1_standard_20251017_001820",
    "spectral_dir": "data_processed/phase1_standard_20251017_001820/spectral",
    "val_fraction": 0.1,
    "test_fraction": 0.1,
    "hidden_dim": 256,
    "num_layers": 4,
    "dropout": 0.3,
    "epochs": 50,
    "batch_size": 32,
    "lr": 0.0005,
    "weight_decay": 0.0001,
    "grad_clip": 2.0,
    "patience": 20,
    "exp_name": "phase1_standard_20251017_001820",
    "log_dir": "experiments",
    "device": "cpu",
    "seed": 42
  },
  "best_val_metrics": {
    "train_loss": 2.740145818053699,
    "train_hit1": 0.10885245901639344,
    "train_hit3": 0.3121311475409836,
    "train_hit5": 0.48,
    "train_hit10": 0.7304918032786886,
    "train_mrr": 0.28386963052683173,
    "train_samples": 1525,
    "val_loss": 2.67306118423402,
    "val_hit1": 0.13089005235602094,
    "val_hit3": 0.3036649214659686,
    "val_hit5": 0.47643979057591623,
    "val_hit10": 0.7643979057591623,
    "val_mrr": 0.2973399814774309,
    "val_samples": 191,
    "overfit_gap": -0.0220375933396275,
    "lr": 0.0005,
    "epoch_time": 8.511955976486206,
    "epoch": 8,
    "timestamp": 69.08730983734131
  },
  "test_metrics": {
    "test_loss": 2.7214886782661316,
    "test_hit1": 0.07936507936507936,
    "test_hit3": 0.2698412698412698,
    "test_hit5": 0.43915343915343913,
    "test_hit10": 0.7301587301587301,
    "test_mrr": 0.26123022185313155,
    "test_samples": 189
  },
  "total_epochs": 28,
  "training_time": 246.92132878303528
}