{
  "exp_name": "phase1_standard_20251016_195550_20251016_195553",
  "config": {
    "json_dir": "data_processed/phase1_standard_20251016_195550",
    "spectral_dir": "data_processed/phase1_standard_20251016_195550/spectral",
    "val_fraction": 0.1,
    "test_fraction": 0.1,
    "hidden_dim": 128,
    "num_layers": 2,
    "dropout": 0.2,
    "epochs": 50,
    "batch_size": 32,
    "lr": 0.01,
    "weight_decay": 0.001,
    "grad_clip": 2.0,
    "patience": 15,
    "exp_name": "phase1_standard_20251016_195550",
    "log_dir": "experiments",
    "device": "cpu",
    "seed": 42
  },
  "best_val_metrics": {
    "train_loss": 2.978857622131125,
    "train_hit1": 0.125,
    "train_hit3": 0.3003246753246753,
    "train_hit5": 0.43506493506493504,
    "train_hit10": 0.7142857142857143,
    "train_mrr": 0.2839453680580959,
    "train_samples": 616,
    "val_loss": 3.187711318901607,
    "val_hit1": 0.1,
    "val_hit3": 0.18571428571428572,
    "val_hit5": 0.35714285714285715,
    "val_hit10": 0.6,
    "val_mrr": 0.2278957274893473,
    "val_samples": 70,
    "overfit_gap": 0.024999999999999994,
    "lr": 0.01,
    "epoch_time": 1.2115068435668945,
    "epoch": 2,
    "timestamp": 2.629509925842285
  },
  "test_metrics": {
    "test_loss": 3.332926370002128,
    "test_hit1": 0.0945945945945946,
    "test_hit3": 0.20270270270270271,
    "test_hit5": 0.2702702702702703,
    "test_hit10": 0.5405405405405406,
    "test_mrr": 0.20997716570194358,
    "test_samples": 74
  },
  "total_epochs": 17,
  "training_time": 21.342752933502197
}