{
  "exp_name": "phase1_quick_20251015_162428",
  "config": {
    "json_dir": "data_processed/phase1_quick_20251015_162428",
    "spectral_dir": "data_processed/phase1_quick_20251015_162428/spectral",
    "val_fraction": 0.1,
    "test_fraction": 0.1,
    "hidden_dim": 256,
    "num_layers": 4,
    "dropout": 0.2,
    "epochs": 10,
    "batch_size": 256,
    "lr": 0.0003,
    "weight_decay": 0.0001,
    "grad_clip": 1.0,
    "patience": 20,
    "exp_name": "phase1_quick_20251015_162428",
    "log_dir": "experiments",
    "device": "cpu",
    "seed": 42
  },
  "best_val_metrics": {
    "train_loss": 3.1335584900595923,
    "train_hit1": 0.01818181818181818,
    "train_hit3": 0.14545454545454545,
    "train_hit5": 0.2909090909090909,
    "train_hit10": 0.5454545454545454,
    "train_mrr": 0.16938803196493266,
    "train_samples": 55,
    "val_loss": 4.2773096561431885,
    "val_hit1": 0.0,
    "val_hit3": 0.0,
    "val_hit5": 0.0,
    "val_hit10": 0.0,
    "val_mrr": 0.038965201465201466,
    "val_samples": 4,
    "overfit_gap": 0.01818181818181818,
    "lr": 0.0003,
    "epoch_time": 0.19654107093811035,
    "epoch": 1,
    "timestamp": 0.2318730354309082
  },
  "test_metrics": {
    "test_loss": 3.079906940460205,
    "test_hit1": 0.0,
    "test_hit3": 0.0,
    "test_hit5": 0.25,
    "test_hit10": 0.5,
    "test_mrr": 0.12331418581418581,
    "test_samples": 8
  },
  "total_epochs": 10,
  "training_time": 0.8876039981842041
}