{
  "exp_name": "phase1_standard_20251016_222609_20251016_222613",
  "config": {
    "json_dir": "data_processed/phase1_standard_20251016_222609",
    "spectral_dir": "data_processed/phase1_standard_20251016_222609/spectral",
    "val_fraction": 0.1,
    "test_fraction": 0.1,
    "hidden_dim": 128,
    "num_layers": 2,
    "dropout": 0.2,
    "epochs": 50,
    "batch_size": 16,
    "lr": 0.01,
    "weight_decay": 0.001,
    "grad_clip": 2.0,
    "patience": 15,
    "exp_name": "phase1_standard_20251016_222609",
    "log_dir": "experiments",
    "device": "cpu",
    "seed": 42
  },
  "best_val_metrics": {
    "train_loss": 2.711699516098892,
    "train_hit1": 0.10840861709520501,
    "train_hit3": 0.31202223766504517,
    "train_hit5": 0.47533009034051427,
    "train_hit10": 0.7400972897845726,
    "train_mrr": 0.28260408065697457,
    "train_samples": 1439,
    "val_loss": 2.485356122871925,
    "val_hit1": 0.14482758620689656,
    "val_hit3": 0.35172413793103446,
    "val_hit5": 0.593103448275862,
    "val_hit10": 0.8620689655172413,
    "val_mrr": 0.33201039330680426,
    "val_samples": 145,
    "overfit_gap": -0.036418969111691554,
    "lr": 0.01,
    "epoch_time": 4.185389041900635,
    "epoch": 6,
    "timestamp": 25.709107160568237
  },
  "test_metrics": {
    "test_loss": 2.7187565597680097,
    "test_hit1": 0.1366120218579235,
    "test_hit3": 0.36065573770491804,
    "test_hit5": 0.48633879781420764,
    "test_hit10": 0.7103825136612022,
    "test_mrr": 0.30574517447670757,
    "test_samples": 183
  },
  "total_epochs": 21,
  "training_time": 90.95747709274292
}