{
  "exp_name": "phase1_standard_20251016_200433_20251016_200436",
  "config": {
    "json_dir": "data_processed/phase1_standard_20251016_200433",
    "spectral_dir": "data_processed/phase1_standard_20251016_200433/spectral",
    "val_fraction": 0.1,
    "test_fraction": 0.1,
    "hidden_dim": 64,
    "num_layers": 2,
    "dropout": 0.2,
    "epochs": 50,
    "batch_size": 16,
    "lr": 0.01,
    "weight_decay": 0.001,
    "grad_clip": 2.0,
    "patience": 15,
    "exp_name": "phase1_standard_20251016_200433",
    "log_dir": "experiments",
    "device": "cpu",
    "seed": 42
  },
  "best_val_metrics": {
    "train_loss": 2.5865618934007175,
    "train_hit1": 0.2359208523592085,
    "train_hit3": 0.426179604261796,
    "train_hit5": 0.5509893455098934,
    "train_hit10": 0.771689497716895,
    "train_mrr": 0.3871018191537596,
    "train_samples": 657,
    "val_loss": 2.8393194743742547,
    "val_hit1": 0.17708333333333334,
    "val_hit3": 0.34375,
    "val_hit5": 0.4375,
    "val_hit10": 0.6666666666666666,
    "val_mrr": 0.3161207077527796,
    "val_samples": 96,
    "overfit_gap": 0.05883751902587517,
    "lr": 0.01,
    "epoch_time": 1.3003499507904053,
    "epoch": 8,
    "timestamp": 11.337468147277832
  },
  "test_metrics": {
    "test_loss": 2.9668376055028705,
    "test_hit1": 0.1,
    "test_hit3": 0.25555555555555554,
    "test_hit5": 0.3333333333333333,
    "test_hit10": 0.6555555555555556,
    "test_mrr": 0.24209664185847327,
    "test_samples": 90
  },
  "total_epochs": 23,
  "training_time": 34.585845947265625
}