{
  "exp_name": "phase1_standard_20251015_160550",
  "config": {
    "json_dir": "data_processed/phase1_standard_20251015_160550",
    "spectral_dir": "data_processed/phase1_standard_20251015_160550/spectral",
    "val_fraction": 0.1,
    "test_fraction": 0.1,
    "hidden_dim": 128,
    "num_layers": 3,
    "dropout": 0.1,
    "epochs": 50,
    "batch_size": 512,
    "lr": 0.0005,
    "weight_decay": 0.0001,
    "grad_clip": 1.0,
    "patience": 20,
    "exp_name": "phase1_standard_20251015_160550",
    "log_dir": "experiments",
    "device": "mps",
    "seed": 42
  },
  "best_val_metrics": {
    "train_loss": 3.401402605798297,
    "train_hit1": 0.04809619238476954,
    "train_hit3": 0.1402805611222445,
    "train_hit5": 0.2545090180360721,
    "train_hit10": 0.5270541082164328,
    "train_mrr": 0.17286621469038838,
    "train_samples": 499,
    "val_loss": 3.4638557395627423,
    "val_hit1": 0.0967741935483871,
    "val_hit3": 0.1774193548387097,
    "val_hit5": 0.2903225806451613,
    "val_hit10": 0.5161290322580645,
    "val_mrr": 0.21375548774464748,
    "val_samples": 62,
    "overfit_gap": -0.048678001163617556,
    "lr": 0.0005,
    "epoch_time": 9.618275880813599,
    "epoch": 3,
    "timestamp": 29.935307025909424
  },
  "test_metrics": {
    "test_loss": 3.4836514766399675,
    "test_hit1": 0.046153846153846156,
    "test_hit3": 0.16923076923076924,
    "test_hit5": 0.27692307692307694,
    "test_hit10": 0.47692307692307695,
    "test_mrr": 0.1801186438336019,
    "test_samples": 65
  },
  "total_epochs": 23,
  "training_time": 204.75949430465698
}