{
  "exp_name": "phase1_baseline_gcn_20251015_154700",
  "config": {
    "json_dir": "data_processed/phase1",
    "spectral_dir": "data_processed/phase1/spectral",
    "val_fraction": 0.1,
    "test_fraction": 0.1,
    "hidden_dim": 128,
    "num_layers": 2,
    "dropout": 0.1,
    "epochs": 50,
    "batch_size": 1,
    "lr": 0.001,
    "weight_decay": 1e-05,
    "grad_clip": 1.0,
    "patience": 15,
    "exp_name": "baseline_gcn",
    "log_dir": "experiments",
    "device": "cpu",
    "seed": 42
  },
  "best_val_metrics": {
    "train_loss": 2.38958657639553,
    "train_hit1": 0.27225130890052357,
    "train_hit3": 0.5392670157068062,
    "train_hit5": 0.6771378708551483,
    "train_hit10": 0.8691099476439791,
    "train_mrr": 0.4520746519660281,
    "train_samples": 573,
    "val_loss": 2.763510976205854,
    "val_hit1": 0.25,
    "val_hit3": 0.36764705882352944,
    "val_hit5": 0.5735294117647058,
    "val_hit10": 0.8382352941176471,
    "val_mrr": 0.39101789334272036,
    "val_samples": 68,
    "overfit_gap": 0.02225130890052357,
    "lr": 0.0005,
    "epoch_time": 1.6350769996643066,
    "epoch": 18,
    "timestamp": 29.24237298965454
  },
  "test_metrics": {
    "test_loss": 3.40187155473523,
    "test_hit1": 0.13414634146341464,
    "test_hit3": 0.25609756097560976,
    "test_hit5": 0.36585365853658536,
    "test_hit10": 0.6219512195121951,
    "test_mrr": 0.269401236343222,
    "test_samples": 82
  },
  "total_epochs": 33,
  "training_time": 53.40839099884033
}