{
  "exp_name": "phase1_quick_20251015_162408",
  "config": {
    "json_dir": "data_processed/phase1_quick_20251015_162408",
    "spectral_dir": "data_processed/phase1_quick_20251015_162408/spectral",
    "val_fraction": 0.1,
    "test_fraction": 0.1,
    "hidden_dim": 256,
    "num_layers": 4,
    "dropout": 0.2,
    "epochs": 10,
    "batch_size": 256,
    "lr": 0.0003,
    "weight_decay": 0.0001,
    "grad_clip": 1.0,
    "patience": 20,
    "exp_name": "phase1_quick_20251015_162408",
    "log_dir": "experiments",
    "device": "cpu",
    "seed": 42
  },
  "best_val_metrics": {
    "train_loss": 3.122610104084015,
    "train_hit1": 0.08333333333333333,
    "train_hit3": 0.3333333333333333,
    "train_hit5": 0.4166666666666667,
    "train_hit10": 0.65,
    "train_mrr": 0.26665663651836513,
    "train_samples": 60,
    "val_loss": 4.174716949462891,
    "val_hit1": 0.14285714285714285,
    "val_hit3": 0.14285714285714285,
    "val_hit5": 0.14285714285714285,
    "val_hit10": 0.14285714285714285,
    "val_mrr": 0.17287886776071523,
    "val_samples": 7,
    "overfit_gap": -0.05952380952380952,
    "lr": 0.00015,
    "epoch_time": 0.07657694816589355,
    "epoch": 9,
    "timestamp": 1.0642108917236328
  },
  "test_metrics": {
    "test_loss": 3.3846086859703064,
    "test_hit1": 0.0,
    "test_hit3": 0.0,
    "test_hit5": 0.0,
    "test_hit10": 0.25,
    "test_mrr": 0.07588203463203463,
    "test_samples": 4
  },
  "total_epochs": 10,
  "training_time": 1.1894679069519043
}