{
  "exp_name": "phase1_standard_20251016_195738_20251016_195742",
  "config": {
    "json_dir": "data_processed/phase1_standard_20251016_195738",
    "spectral_dir": "data_processed/phase1_standard_20251016_195738/spectral",
    "val_fraction": 0.1,
    "test_fraction": 0.1,
    "hidden_dim": 64,
    "num_layers": 2,
    "dropout": 0.2,
    "epochs": 50,
    "batch_size": 16,
    "lr": 0.01,
    "weight_decay": 0.001,
    "grad_clip": 2.0,
    "patience": 15,
    "exp_name": "phase1_standard_20251016_195738",
    "log_dir": "experiments",
    "device": "cpu",
    "seed": 42
  },
  "best_val_metrics": {
    "train_loss": 2.5469506646412006,
    "train_hit1": 0.21256038647342995,
    "train_hit3": 0.4396135265700483,
    "train_hit5": 0.5813204508856683,
    "train_hit10": 0.8083735909822867,
    "train_mrr": 0.38414748966488316,
    "train_samples": 621,
    "val_loss": 3.132510251187264,
    "val_hit1": 0.11702127659574468,
    "val_hit3": 0.18085106382978725,
    "val_hit5": 0.3191489361702128,
    "val_hit10": 0.5957446808510638,
    "val_mrr": 0.23356277369309622,
    "val_samples": 94,
    "overfit_gap": 0.09553910987768527,
    "lr": 0.005,
    "epoch_time": 1.2386949062347412,
    "epoch": 13,
    "timestamp": 16.61006188392639
  },
  "test_metrics": {
    "test_loss": 2.931747897251232,
    "test_hit1": 0.0945945945945946,
    "test_hit3": 0.24324324324324326,
    "test_hit5": 0.36486486486486486,
    "test_hit10": 0.6486486486486487,
    "test_mrr": 0.23784111523082102,
    "test_samples": 74
  },
  "total_epochs": 28,
  "training_time": 35.61362099647522
}